iter	Accuracy	MultiClass
0	0.5473971357	1.382381061
1	0.5934090909	1.37850744
